{
  "fix12_Z_D_leaks": {
    "ca_res_D": 4.0632971848705733e-07,
    "goods_mkt_F": 4.161929439104714e-08,
    "goods_mkt_D": 2.0883770242683872e-16,
    "global_goods_res": 5.428863906499823e-08
  },
  "fix12_Z_D_irfcomp": {
    "Y_D": {
      "base_peak": 0.02881031046321958,
      "fix_peak": 0.028011166655295502,
      "maxdiff": 0.000799143807924077
    },
    "Y_F": {
      "base_peak": 0.0015246809293441009,
      "fix_peak": 0.001348539649442065,
      "maxdiff": 0.0007154090064722941
    },
    "C_F": {
      "base_peak": 0.010214127286086377,
      "fix_peak": 0.005806358956547124,
      "maxdiff": 0.004407768329539253
    },
    "n_inter_F": {
      "base_peak": -0.04115645933350008,
      "fix_peak": -0.1026333783356864,
      "maxdiff": 0.09507615411546833
    },
    "p": {
      "base_peak": 0.019713325024741844,
      "fix_peak": 0.03250326334552668,
      "maxdiff": 0.015215498786941124
    },
    "spread_rb": {
      "base_peak": -0.0011093300591163658,
      "fix_peak": -0.002862781675808973,
      "maxdiff": 0.0022400093869334404
    },
    "q_b_F": {
      "base_peak": 0.03941347823622613,
      "fix_peak": 0.01336246123397048,
      "maxdiff": 0.02605101700225565
    },
    "rdep_D": {
      "base_peak": 0.094456380147346,
      "fix_peak": 0.09068274371860785,
      "maxdiff": 0.003773636428738153
    },
    "U_F": {
      "base_peak": 0.013856214702554251,
      "fix_peak": 0.006591124579419148,
      "maxdiff": 0.007265090123135103
    },
    "NX_D": {
      "base_peak": 0.0014825178822435205,
      "fix_peak": 0.0029845443089841204,
      "maxdiff": 0.002042493767312924
    },
    "n_inter_D": {
      "base_peak": -0.6176616853594445,
      "fix_peak": -0.6456896472875272,
      "maxdiff": 0.028027961928082656
    }
  },
  "fix12_def_D_leaks": {
    "ca_res_D": 2.9046589643858847e-08,
    "goods_mkt_F": 5.226646249162303e-09,
    "goods_mkt_D": 3.4819395727017824e-17,
    "global_goods_res": 6.022114358796262e-09
  },
  "fix12_def_D_irfcomp": {
    "Y_D": {
      "base_peak": 0.00014674500631022726,
      "fix_peak": 8.467054222081047e-05,
      "maxdiff": 6.214459703042634e-05
    },
    "Y_F": {
      "base_peak": 0.00021134059010613927,
      "fix_peak": 0.00015806207998070816,
      "maxdiff": 7.624505911371478e-05
    },
    "C_F": {
      "base_peak": 0.000573804947290607,
      "fix_peak": 0.00034319683229411095,
      "maxdiff": 0.00027480298852990365
    },
    "n_inter_F": {
      "base_peak": -0.0448900198708173,
      "fix_peak": -0.026661080394898166,
      "maxdiff": 0.018228939475919137
    },
    "p": {
      "base_peak": 0.002018013112845066,
      "fix_peak": -0.0020407771714759425,
      "maxdiff": 0.0010136247994034055
    },
    "spread_rb": {
      "base_peak": 0.002603406686944248,
      "fix_peak": 0.0026963538352028954,
      "maxdiff": 0.00011378129093676435
    },
    "q_b_F": {
      "base_peak": -0.001989329492903128,
      "fix_peak": -0.0010296046810937052,
      "maxdiff": 0.0013855494710821705
    },
    "rdep_D": {
      "base_peak": -0.014894103224193945,
      "fix_peak": -0.01476099490655878,
      "maxdiff": 0.0002943269652588552
    },
    "U_F": {
      "base_peak": 0.0008196027490916292,
      "fix_peak": 0.00039148619411252485,
      "maxdiff": 0.000442760676037957
    },
    "NX_D": {
      "base_peak": 0.0004588919672563912,
      "fix_peak": 0.00045772680513558373,
      "maxdiff": 0.00016053289074868273
    },
    "n_inter_D": {
      "base_peak": 0.1388073197011053,
      "fix_peak": 0.14081300577563421,
      "maxdiff": 0.0020056860745289173
    }
  },
  "fix123_Z_D_leaks": {
    "ca_res_D": 3.3783925300252326e-07,
    "goods_mkt_F": 4.5234943884667236e-08,
    "goods_mkt_D": 1.9935887677789409e-16,
    "global_goods_res": 5.554457254915197e-08
  },
  "fix123_Z_D_irfcomp": {
    "Y_D": {
      "base_peak": 0.02881031046321958,
      "fix_peak": 0.028262337577846533,
      "maxdiff": 0.0005479728853730464
    },
    "Y_F": {
      "base_peak": 0.0015246809293441009,
      "fix_peak": 0.0010973687268910385,
      "maxdiff": 0.0008758415668511791
    },
    "C_F": {
      "base_peak": 0.010214127286086377,
      "fix_peak": 0.006268624085445615,
      "maxdiff": 0.003945503200640761
    },
    "n_inter_F": {
      "base_peak": -0.04115645933350008,
      "fix_peak": -0.18811233778836892,
      "maxdiff": 0.18055511356815085
    },
    "p": {
      "base_peak": 0.019713325024741844,
      "fix_peak": 0.026449400084040408,
      "maxdiff": 0.009161635525454851
    },
    "spread_rb": {
      "base_peak": -0.0011093300591163658,
      "fix_peak": -0.0007121779058405858,
      "maxdiff": 0.0009352388770204629
    },
    "q_b_F": {
      "base_peak": 0.03941347823622613,
      "fix_peak": 0.03666772696455258,
      "maxdiff": 0.010532131100190953
    },
    "rdep_D": {
      "base_peak": 0.094456380147346,
      "fix_peak": 0.0922385877805933,
      "maxdiff": 0.0025919513943058158
    },
    "U_F": {
      "base_peak": 0.013856214702554251,
      "fix_peak": 0.007645977988811009,
      "maxdiff": 0.0062102367137432425
    },
    "NX_D": {
      "base_peak": 0.0014825178822435205,
      "fix_peak": 0.0019750844215470284,
      "maxdiff": 0.001033033879875832
    },
    "n_inter_D": {
      "base_peak": -0.6176616853594445,
      "fix_peak": -0.6274880224688468,
      "maxdiff": 0.009826337109402283
    }
  },
  "fix123_def_D_leaks": {
    "ca_res_D": 2.366480893293864e-08,
    "goods_mkt_F": 4.958407592646326e-09,
    "goods_mkt_D": 4.256067339016513e-17,
    "global_goods_res": 5.5702366968040105e-09
  },
  "fix123_def_D_irfcomp": {
    "Y_D": {
      "base_peak": 0.00014674500631022726,
      "fix_peak": 8.781673056539747e-05,
      "maxdiff": 7.059290324619333e-05
    },
    "Y_F": {
      "base_peak": 0.00021134059010613927,
      "fix_peak": 0.00014751983280740229,
      "maxdiff": 9.029831936520705e-05
    },
    "C_F": {
      "base_peak": 0.000573804947290607,
      "fix_peak": 0.00030690946956970046,
      "maxdiff": 0.00028938397431481236
    },
    "n_inter_F": {
      "base_peak": -0.0448900198708173,
      "fix_peak": -0.03352768426485172,
      "maxdiff": 0.011362335605965584
    },
    "p": {
      "base_peak": 0.002018013112845066,
      "fix_peak": 0.0017495068286909987,
      "maxdiff": 0.0005424979906545873
    },
    "spread_rb": {
      "base_peak": 0.002603406686944248,
      "fix_peak": 0.0024405771311225536,
      "maxdiff": 0.0002666608680474512
    },
    "q_b_F": {
      "base_peak": -0.001989329492903128,
      "fix_peak": -0.0035919858993539817,
      "maxdiff": 0.0022959947376164883
    },
    "rdep_D": {
      "base_peak": -0.014894103224193945,
      "fix_peak": -0.01474949008915893,
      "maxdiff": 0.0002398255930408438
    },
    "U_F": {
      "base_peak": 0.0008196027490916292,
      "fix_peak": 0.00036640589682822484,
      "maxdiff": 0.0004569764611662247
    },
    "NX_D": {
      "base_peak": 0.0004588919672563912,
      "fix_peak": 0.0004087839986854929,
      "maxdiff": 7.440782062028617e-05
    },
    "n_inter_D": {
      "base_peak": 0.1388073197011053,
      "fix_peak": 0.13723463491536778,
      "maxdiff": 0.002108662012203777
    }
  }
}