{
  "phi_lamb_0.03": {
    "b_gov_D_t499_def": 0.0,
    "b_gov_D_t499_Z": 7.386906207707463e-05,
    "Y_D_t499_def": 0.0,
    "max_ca_res_def": 0.0,
    "max_goodsF_def": 0.0,
    "max_ca_res_Z": 1.0557434500018685e-07,
    "max_goodsF_Z": 8.861624479302478e-10,
    "Y_D0_def": 0.0,
    "n_inter_D0_def": 0.0,
    "n_inter_D_peak_def": 0.0,
    "spread0_def": 0.0,
    "U_D0_def": 0.0,
    "n_inter_D0_Z": 0.348413785005221,
    "rdep_D_peak_Z": -0.001995486990765325,
    "stable": true
  },
  "phi_lamb_0.05": {
    "b_gov_D_t499_def": 0.0,
    "b_gov_D_t499_Z": 3.967551238178026e-05,
    "Y_D_t499_def": 0.0,
    "max_ca_res_def": 0.0,
    "max_goodsF_def": 0.0,
    "max_ca_res_Z": 1.0301197090736927e-07,
    "max_goodsF_Z": 8.639882582378593e-10,
    "Y_D0_def": 0.0,
    "n_inter_D0_def": 0.0,
    "n_inter_D_peak_def": 0.0,
    "spread0_def": 0.0,
    "U_D0_def": 0.0,
    "n_inter_D0_Z": 0.3552758076915225,
    "rdep_D_peak_Z": -0.001947470328989306,
    "stable": true
  },
  "phi_lamb_0.08": {
    "b_gov_D_t499_def": 0.0,
    "b_gov_D_t499_Z": 2.0475815768192187e-05,
    "Y_D_t499_def": 0.0,
    "max_ca_res_def": 0.0,
    "max_goodsF_def": 0.0,
    "max_ca_res_Z": 1.0083721359476475e-07,
    "max_goodsF_Z": 8.38472519015294e-10,
    "Y_D0_def": 0.0,
    "n_inter_D0_def": 0.0,
    "n_inter_D_peak_def": 0.0,
    "spread0_def": 0.0,
    "U_D0_def": 0.0,
    "n_inter_D0_Z": 0.3607534804383422,
    "rdep_D_peak_Z": -0.0018922016720938888,
    "stable": true
  },
  "phi_lamb_0.12": {
    "b_gov_D_t499_def": 0.0,
    "b_gov_D_t499_Z": 1.158602141009395e-05,
    "Y_D_t499_def": 0.0,
    "max_ca_res_def": 0.0,
    "max_goodsF_def": 0.0,
    "max_ca_res_Z": 9.919137690673228e-08,
    "max_goodsF_Z": 8.122985106174886e-10,
    "Y_D0_def": 0.0,
    "n_inter_D0_def": 0.0,
    "n_inter_D_peak_def": 0.0,
    "spread0_def": 0.0,
    "U_D0_def": 0.0,
    "n_inter_D0_Z": 0.36452665912690685,
    "rdep_D_peak_Z": -0.0018355582462112035,
    "stable": true
  },
  "minimal_stable_phi_lamb": 0.03
}