{
  "0.03": {
    "stable": false,
    "b_gov_D_499_def": -38926.342389284895,
    "b_gov_D_499_Z": 142560.00122993882,
    "b_gov_D_max_def": 39271.014295400586,
    "spread_0_def": 0.00370240377504912,
    "spread_peak_def": 0.010781478703918681,
    "n_inter_D_0_def": 0.07083123337479542,
    "n_inter_D_pk_def": 0.1616830862896867,
    "Y_D_0_def": 0.0001304525042220734,
    "Y_D_peak_def": 0.02703344660757565,
    "T_ls_D_peak_def": 0.005210374730852604,
    "U_D_0_def": -0.008911004313450932,
    "max_ca_res_def": 0.07442582760163141,
    "max_goodsF_def": 1.9798750593810585e-05
  },
  "0.06": {
    "stable": false,
    "b_gov_D_499_def": 386.2291025372743,
    "b_gov_D_499_Z": -2552.160179418635,
    "b_gov_D_max_def": 5269.779100170229,
    "spread_0_def": 0.0038509157266406776,
    "spread_peak_def": 0.011395210631864657,
    "n_inter_D_0_def": -2.5497369585174487,
    "n_inter_D_pk_def": -5.026640482562094,
    "Y_D_0_def": -0.00580210034079315,
    "Y_D_peak_def": -0.7589809531138629,
    "T_ls_D_peak_def": -0.5029711027937009,
    "U_D_0_def": 0.19245552069577532,
    "max_ca_res_def": 0.009134734513872048,
    "max_goodsF_def": 1.235925324562232e-05
  },
  "0.1": {
    "stable": false,
    "b_gov_D_499_def": 0.18542513406957287,
    "b_gov_D_499_Z": -0.779735049864843,
    "b_gov_D_max_def": 0.2624796742030164,
    "spread_0_def": 0.004033467904744407,
    "spread_peak_def": 0.004033467904744407,
    "n_inter_D_0_def": -0.03245174146485827,
    "n_inter_D_pk_def": -0.03245174146485827,
    "Y_D_0_def": -0.000303945060596643,
    "Y_D_peak_def": -0.00035147423674796835,
    "T_ls_D_peak_def": 0.0017927146136066472,
    "U_D_0_def": -0.00210249297650631,
    "max_ca_res_def": 8.933996305118967e-07,
    "max_goodsF_def": 6.172576147647922e-10
  },
  "0.12": {
    "stable": false,
    "b_gov_D_499_def": 0.0007571032266363114,
    "b_gov_D_499_Z": -0.003440062740605683,
    "b_gov_D_max_def": 0.0123356382682784,
    "spread_0_def": 0.003688029412286353,
    "spread_peak_def": 0.003688029412286353,
    "n_inter_D_0_def": -0.036723420537171717,
    "n_inter_D_pk_def": -0.036723420537171717,
    "Y_D_0_def": -0.00029406715769268423,
    "Y_D_peak_def": -0.000394747675626841,
    "T_ls_D_peak_def": 0.001480276592193408,
    "U_D_0_def": -0.0012110286315790103,
    "max_ca_res_def": 6.816314589685386e-08,
    "max_goodsF_def": 6.123380864662213e-10
  },
  "0.15": {
    "stable": true,
    "b_gov_D_499_def": 1.6627714068494684e-05,
    "b_gov_D_499_Z": -7.04016920415666e-05,
    "b_gov_D_max_def": 0.009592606424710819,
    "spread_0_def": 0.003312659890520794,
    "spread_peak_def": 0.003312659890520794,
    "n_inter_D_0_def": -0.03519766307658084,
    "n_inter_D_pk_def": -0.03519766307658084,
    "Y_D_0_def": -0.00025399716588085994,
    "Y_D_peak_def": -0.0002736922446082184,
    "T_ls_D_peak_def": 0.0014388909637066227,
    "U_D_0_def": -0.0007447639480364285,
    "max_ca_res_def": 5.751035434356189e-08,
    "max_goodsF_def": 5.969240709466169e-10
  },
  "0.2": {
    "stable": true,
    "b_gov_D_499_def": 1.6502330400387919e-06,
    "b_gov_D_499_Z": -3.8010114786758197e-07,
    "b_gov_D_max_def": 0.0076326752832814645,
    "spread_0_def": 0.003024161091941816,
    "spread_peak_def": 0.003024161091941816,
    "n_inter_D_0_def": -0.03277770258434634,
    "n_inter_D_pk_def": -0.03277770258434634,
    "Y_D_0_def": -0.00021976169335689955,
    "Y_D_peak_def": -0.00021976169335689955,
    "T_ls_D_peak_def": 0.0015265350566562932,
    "U_D_0_def": -0.0005149767699763495,
    "max_ca_res_def": 4.9158060955112275e-08,
    "max_goodsF_def": 5.850662001467989e-10
  },
  "0.3": {
    "stable": true,
    "b_gov_D_499_def": 3.406728526215807e-07,
    "b_gov_D_499_Z": 2.858964225118183e-06,
    "b_gov_D_max_def": 0.0059412480139576385,
    "spread_0_def": 0.0027928914601808184,
    "spread_peak_def": 0.0027928914601808184,
    "n_inter_D_0_def": -0.030607805018275244,
    "n_inter_D_pk_def": -0.030607805018275244,
    "Y_D_0_def": -0.00019423005906662942,
    "Y_D_peak_def": -0.00019423005906662942,
    "T_ls_D_peak_def": 0.0017823744041872915,
    "U_D_0_def": -0.00038250073679910185,
    "max_ca_res_def": 4.3099602715146974e-08,
    "max_goodsF_def": 5.778432330067337e-10
  },
  "minimal_stable_phi_grid": 0.15
}