{
  "A_balance_sheet": {
    "config": {
      "psi_lambda_B": 0.0,
      "writeoff": 1.0,
      "recovery": 0.4,
      "zeta": 1.0,
      "def_scale": 0.05
    },
    "sweep": {
      "0.02": {
        "stable": true,
        "marginal": false,
        "loop_live": true,
        "rho_tail_def": 0.9980016960039102,
        "rho_tail_Z": 0.9973885386609957,
        "b_gov_D_499_def": -0.17636629163728046,
        "b_gov_D_max_def": 0.2386236565512917,
        "spread_peak_def": -0.008946571296681593,
        "n_inter_D_pk_def": -0.23293050685810973,
        "Y_D_peak_def": 0.017264473287393296,
        "T_ls_D_peak_def": -0.003392553261980894,
        "U_D_0_def": -0.0024329854024313317,
        "max_ca_res_def": 8.532035443473745e-07
      },
      "0.03": {
        "stable": false,
        "marginal": false,
        "loop_live": true,
        "rho_tail_def": 1.0011136405349585,
        "rho_tail_Z": 0.9620542472492769,
        "b_gov_D_499_def": 0.003576094464773156,
        "b_gov_D_max_def": 0.026649557297693062,
        "spread_peak_def": -0.0010393661528299172,
        "n_inter_D_pk_def": -0.02732748393840942,
        "Y_D_peak_def": -0.00045138410086711207,
        "T_ls_D_peak_def": -0.0007994867189307918,
        "U_D_0_def": 0.002190609883194975,
        "max_ca_res_def": 5.259170676373547e-08
      },
      "0.05": {
        "stable": false,
        "marginal": false,
        "loop_live": true,
        "rho_tail_def": 1.0035129936930625,
        "rho_tail_Z": 1.0033546806601126,
        "b_gov_D_499_def": 0.03919868383243891,
        "b_gov_D_max_def": 0.06726619386190476,
        "spread_peak_def": 0.0008317904355704692,
        "n_inter_D_pk_def": -0.027767274240540398,
        "Y_D_peak_def": 0.0007853933587539825,
        "T_ls_D_peak_def": -0.0010804725207992291,
        "U_D_0_def": 0.0018167733429762896,
        "max_ca_res_def": 1.0658218462724285e-06
      },
      "0.08": {
        "stable": false,
        "marginal": false,
        "loop_live": true,
        "rho_tail_def": 1.0060739408807355,
        "rho_tail_Z": 1.006261221845777,
        "b_gov_D_499_def": -0.06917748548240164,
        "b_gov_D_max_def": 0.1653200460782176,
        "spread_peak_def": 0.0012581234698434687,
        "n_inter_D_pk_def": -0.04265406199097882,
        "Y_D_peak_def": -0.002371764204204599,
        "T_ls_D_peak_def": -0.001266762867537489,
        "U_D_0_def": 0.002086391490795086,
        "max_ca_res_def": 4.360419404400835e-06
      },
      "0.1": {
        "stable": false,
        "marginal": false,
        "loop_live": true,
        "rho_tail_def": 1.0069736187958418,
        "rho_tail_Z": 1.0074518225308924,
        "b_gov_D_499_def": -0.027624277499305815,
        "b_gov_D_max_def": 0.08233286341969397,
        "spread_peak_def": 0.0012358940281232528,
        "n_inter_D_pk_def": -0.03642365452346998,
        "Y_D_peak_def": -0.0008752829179974737,
        "T_ls_D_peak_def": -0.001501330055809404,
        "U_D_0_def": 0.0017124382711378116,
        "max_ca_res_def": 2.685712216430298e-06
      },
      "0.12": {
        "stable": false,
        "marginal": false,
        "loop_live": true,
        "rho_tail_def": 1.007567690095788,
        "rho_tail_Z": 1.0083283585792513,
        "b_gov_D_499_def": -0.017037175693506955,
        "b_gov_D_max_def": 0.06190961585139597,
        "spread_peak_def": 0.0012620199492489079,
        "n_inter_D_pk_def": -0.03427368120343947,
        "Y_D_peak_def": -0.00039743497043127814,
        "T_ls_D_peak_def": -0.0016825393094697361,
        "U_D_0_def": 0.0015322111432299417,
        "max_ca_res_def": 2.364612097929558e-06
      },
      "0.15": {
        "stable": false,
        "marginal": false,
        "loop_live": true,
        "rho_tail_def": 1.00814225172447,
        "rho_tail_Z": 1.0092946485346674,
        "b_gov_D_499_def": -0.01089607213741934,
        "b_gov_D_max_def": 0.05003575291608485,
        "spread_peak_def": 0.0013006476386782937,
        "n_inter_D_pk_def": -0.032369217964045335,
        "Y_D_peak_def": 0.00019117417739530137,
        "T_ls_D_peak_def": -0.0019149194887886818,
        "U_D_0_def": 0.0013535624557343914,
        "max_ca_res_def": 2.275140605739242e-06
      },
      "0.2": {
        "stable": false,
        "marginal": false,
        "loop_live": true,
        "rho_tail_def": 1.0086843998333128,
        "rho_tail_Z": 1.0111533497572118,
        "b_gov_D_499_def": -0.007440659561809166,
        "b_gov_D_max_def": 0.04287913696702552,
        "spread_peak_def": 0.0013481435803300692,
        "n_inter_D_pk_def": -0.030335126603239723,
        "Y_D_peak_def": 0.0003053570486998573,
        "T_ls_D_peak_def": -0.002231268715244908,
        "U_D_0_def": 0.0011618984047603927,
        "max_ca_res_def": 2.388033873332876e-06
      },
      "0.25": {
        "stable": false,
        "marginal": false,
        "loop_live": true,
        "rho_tail_def": 1.008994601739602,
        "rho_tail_Z": 1.0123244513024394,
        "b_gov_D_499_def": -0.006272702479080316,
        "b_gov_D_max_def": 0.04020316853341186,
        "spread_peak_def": 0.0013803557493873061,
        "n_inter_D_pk_def": -0.028926823640634033,
        "Y_D_peak_def": 0.0005053501998894148,
        "T_ls_D_peak_def": -0.002511016039183527,
        "U_D_0_def": 0.0010362599567584102,
        "max_ca_res_def": 2.6057461299421016e-06
      },
      "0.35": {
        "stable": false,
        "marginal": false,
        "loop_live": true,
        "rho_tail_def": 1.0093503448195746,
        "rho_tail_Z": 1.0135275012292326,
        "b_gov_D_499_def": -0.0051890690326326285,
        "b_gov_D_max_def": 0.038385980720916806,
        "spread_peak_def": 0.001420259661258158,
        "n_inter_D_pk_def": -0.027009964379796143,
        "Y_D_peak_def": 0.0007535934602351225,
        "T_ls_D_peak_def": -0.002962395217711555,
        "U_D_0_def": 0.000878742582289252,
        "max_ca_res_def": 3.1740424839752183e-06
      },
      "0.5": {
        "stable": false,
        "marginal": false,
        "loop_live": true,
        "rho_tail_def": 1.0096449435741521,
        "rho_tail_Z": 1.0136883923093154,
        "b_gov_D_499_def": -0.0034544020047102956,
        "b_gov_D_max_def": 0.03794535192799882,
        "spread_peak_def": 0.0014518660042978308,
        "n_inter_D_pk_def": -0.02521368008233485,
        "Y_D_peak_def": 0.0009821900141585532,
        "T_ls_D_peak_def": -0.0034742877306416847,
        "U_D_0_def": 0.000746179392068161,
        "max_ca_res_def": 4.24647452545654e-06
      }
    },
    "min_stable_live_phi": 0.02
  },
  "B_risk_premium": {
    "config": {
      "psi_lambda_B": 1.0,
      "writeoff": 0.0,
      "recovery": 0.4,
      "zeta": 1.0,
      "def_scale": 0.1
    },
    "sweep": {
      "0.02": {
        "stable": false,
        "marginal": false,
        "loop_live": true,
        "rho_tail_def": 1.0179556328229866,
        "rho_tail_Z": 1.0178299800842265,
        "b_gov_D_499_def": -0.3861029242018298,
        "b_gov_D_max_def": 0.4324414030766137,
        "spread_peak_def": -0.0025447943834836896,
        "n_inter_D_pk_def": -0.11010694230535925,
        "Y_D_peak_def": 0.0034484272988283297,
        "T_ls_D_peak_def": -0.00093321912537183,
        "U_D_0_def": -0.0010825490405185498,
        "max_ca_res_def": 1.1140668308816895e-06
      },
      "0.03": {
        "stable": false,
        "marginal": false,
        "loop_live": true,
        "rho_tail_def": 1.0057842652570983,
        "rho_tail_Z": 1.0034579231625156,
        "b_gov_D_499_def": 0.006356307571965087,
        "b_gov_D_max_def": 0.008473619310772592,
        "spread_peak_def": 0.001143359271961774,
        "n_inter_D_pk_def": -0.03109039084394126,
        "Y_D_peak_def": 0.0005340795845965517,
        "T_ls_D_peak_def": 0.00018588291456176183,
        "U_D_0_def": -7.30777369050021e-05,
        "max_ca_res_def": 3.396050720410542e-08
      },
      "0.05": {
        "stable": false,
        "marginal": false,
        "loop_live": true,