{
  "Delta_calibrated": {
    "Delta_bD_D": 0.7272727272727305,
    "Delta_bF_D": 1.454545454545461,
    "Delta_bF_F": 0.7272727272727305,
    "Delta_bD_F": 1.454545454545461
  },
  "delta_recalibrated": {
    "delta_D": 0.022407407407407404,
    "delta_F": 0.02240740740740739
  },
  "ss": {
    "beta_D": 0.9994621763351645,
    "beta_F": 0.9994621763351645,
    "p": 0.9999999999999996,
    "q_b_D": 0.9756984802086146,
    "q_b_F": 0.9756984802086146,
    "rb_D": 0.0024906792707301896,
    "rb_F": 0.0024906792707301896,
    "rb_actual_D": 0.0024906792707302117,
    "rb_actual_F": 0.0024906792707302117,
    "rdep_D": 0.0,
    "rdep_F": 0.0,
    "rk_D": 0.010000000000000002,
    "rk_F": 0.010000000000000016,
    "K_D": 10.8,
    "K_F": 10.799999999999999,
    "Y_D": 1.0,
    "Y_F": 1.0,
    "C_D": 0.6763366787246956,
    "C_F": 0.6763366787246965,
    "I_D": 0.24199999999999997,
    "I_F": 0.2419999999999998,
    "G_D": 0.08166371106215847,
    "G_F": 0.08166371106215861,
    "N_D": 1.0,
    "N_F": 1.0,
    "w_D": 0.65,
    "w_F": 0.65,
    "NX_D": 1.3877787807814457e-17,
    "NX_F": -1.3877787807814457e-17,
    "IM_D": 0.10145050180870444,
    "IM_F": 0.10145050180870441,
    "nfa_D": -4.440892098500626e-16,
    "n_inter_D": 3.0,
    "n_inter_F": 3.0,
    "theta_D": 4.0,
    "theta_F": 4.0,
    "b_gov_D": 1.2298881512487627,
    "b_gov_F": 1.2298881512487627,
    "b_D_D": 0.7686800945304764,
    "b_F_D": 0.4612080567182858,
    "b_D_F": 0.46120805671828624,
    "b_F_F": 0.768680094530477,
    "div_D": 0.1109888151248763,
    "div_F": 0.11098881512487639,
    "DEP_D": 9.000000000000105,
    "DEP_F": 8.999999999999998,
    "D_supply_D": 9.0,
    "D_supply_F": 9.0,
    "TAX_D": 0.08465252618703473,
    "TAX_F": 0.08465252618703487,
    "P_CES_D": 1.0,
    "P_CES_F": 1.0,
    "lambda_gk_D": 0.34591925111860344,
    "lambda_gk_F": 0.34591925111860344,
    "Omega_D": 1.337635763937484,
    "Omega_F": 1.337635763937484,
    "m_D": 0.26232984269010884,
    "m_F": 0.26232984269010884,
    "vphi_D": 0.65,
    "vphi_F": 0.65,
    "goods_mkt_D": -3.897868541408167e-07,
    "goods_mkt_F": -3.8978685477919495e-07,
    "global_goods_res": -7.795737089200114e-07,
    "ca_res_D": 0.0,
    "deposit_mkt_D": 1.0480505352461478e-13,
    "deposit_mkt_F": -1.7763568394002505e-15,
    "X_D": 0.45967001205802893,
    "X_F": 0.4596700120580298,
    "spread_rb": 0.0,
    "nu_K_D": 0.013343124196531764,
    "nu_bD_D": 0.003323344284308037,
    "nu_bF_D": 0.003323344284308037,
    "eta_D": 1.3343124196531762,
    "nu_K_F": 0.013343124196531782,
    "nu_bD_F": 0.003323344284308037,
    "nu_bF_F": 0.003323344284308037,
    "eta_F": 1.3343124196531762,
    "Z_D": 0.43481216447824483,
    "Z_F": 0.43481216447824483,
    "def_rate_D": 0.0,
    "def_rate_F": 0.0,
    "Phi_D": 0.0,
    "Phi_F": 0.0,
    "cap_profit_D": 9.159339953157541e-16,
    "cap_profit_F": 1.0824674490095276e-15
  },
  "ic_res_at_ss_final": {
    "D": 1.7763568394002505e-15,
    "F": 1.7763568394002505e-15
  },
  "K_res_at_ss_final": {
    "D": 0.0,
    "F": 0.0
  },
  "P2_res_at_ss_final": {
    "D": 8.881784197001252e-16,
    "F": 8.881784197001252e-16
  },
  "leak_Z_D": {
    "ca_res_D": {
      "max_abs": 3.514921676001753e-08,
      "t0": -1.0646113039956597e-09,
      "t1": -1.3575445975725019e-08,
      "t5": 1.0331015546056257e-08
    },
    "goods_mkt_F": {
      "max_abs": 8.033276352097029e-10,
      "t0": 3.606651519911976e-13,
      "t1": -8.033276352097029e-10,
      "t5": 7.353243328070794e-10
    },
    "goods_mkt_D": {
      "max_abs": 1.0359261416136892e-16,
      "t0": -5.508431533290746e-17,
      "t1": 2.899213299367019e-17,
      "t5": -7.43637588492201e-17
    },
    "global_goods_res": {
      "max_abs": 1.5451216682626533e-09,
      "t0": -3.600907376191626e-11,
      "t1": -1.2423348036518341e-09,
      "t5": 1.066132673505709e-09
    },
    "deposit_mkt_D": {
      "max_abs": 6.430092251732135e-16,
      "t0": 6.365430758641099e-16,
      "t1": 7.30241279612265e-17,
      "t5": 6.430092251732135e-16
    },
    "deposit_mkt_F": {
      "max_abs": 2.2256857899764285e-17,
      "t0": -8.457908075291175e-19,
      "t1": 5.2903225604660475e-18,
      "t5": -1.3505295339634262e-17
    }
  },
  "leak_def_D": {
    "ca_res_D": {
      "max_abs": 5.7510354338431733e-08,
      "t0": -5.7510354338431733e-08,
      "t1": -4.876795525893088e-08,
      "t5": -3.522389794719009e-08
    },
    "goods_mkt_F": {
      "max_abs": 5.969240617502262e-10,
      "t0": -1.273569782546099e-15,
      "t1": 5.969240617502262e-10,
      "t5": -5.6446111542250444e-11
    },
    "goods_mkt_D": {
      "max_abs": 5.4520119069613886e-17,
      "t0": -1.3573078254705544e-17,
      "t1": -5.4520119069613886e-17,
      "t5": 1.6427280861207116e-17
    },
    "global_goods_res": {
      "max_abs": 1.964026639805831e-09,
      "t0": -1.964026639805831e-09,
      "t1": -1.0754609759658428e-09,
      "t5": -1.251454424836099e-09
    },
    "deposit_mkt_D": {
      "max_abs": 7.562110265394131e-17,
      "t0": -2.6311598719517843e-17,
      "t1": 1.5822645712315533e-17,
      "t5": -1.928317514812289e-17
    },
    "deposit_mkt_F": {
      "max_abs": 7.272148601801819e-18,
      "t0": -1.3272561698942662e-18,
      "t1": -3.0958854078508523e-18,
      "t5": -1.4706272300217818e-18
    }
  },
  "decomp_Z_D": {
    "gapD_max": 0.0006233966049557869,
    "gapF_max": 4.5260386042724084e-05,
    "rev_gapF_max": 0.0012426494636911245,
    "ca_res_D_minus_gapD_max": 0.0006233976695670908,
    "corr_ca_gapD": -0.13399785025448716,
    "goodsF_minus_gapF_minus_rev_max": 0.0012775262433379877,
    "goodsF_minus_gapF_max": 4.5260386403389236e-05,
    "corr_goodsF_(gapF+rev)": 0.8455690155908933
  },
  "decomp_def_D": {
    "gapD_max": 3.520616900146778e-05,
    "gapF_max": 2.740680903277754e-05,
    "rev_gapF_max": 0.006061519272097762,
    "ca_res_D_minus_gapD_max": 3.514865864712935e-05,
    "corr_ca_gapD": 0.924302962987338,
    "goodsF_minus_gapF_minus_rev_max": 0.006034112463063711,
    "goodsF_minus_gapF_max": 2.740680903405111e-05,
    "corr_goodsF_(gapF+rev)": 0.146468690050197
  },
  "irfstats_def_D": {
    "Y_D": {
      "peak_t": 23,
      "peak": -0.0002736922446082175,
      "t0": -0.0002539971658808599
    },
    "Y_F": {
      "peak_t": 18,
      "peak": 0.0003560319171742681,
      "t0": 0.00024404053613359564
    },
    "C_D": {
      "peak_t": 3,
      "peak": -0.0010851650078433149,
      "t0": -0.00072250217192824
    },
    "C_F": {
      "peak_t": 0,
      "peak": 0.0009532115069304184,
      "t0": 0.0009532115069304184
    },
    "n_inter_D": {
      "peak_t": 0,
      "peak": -0.03519766307658068,
      "t0": -0.03519766307658068
    },
    "n_inter_F": {
      "peak_t": 2,
      "peak": 0.007542472285888233,
      "t0": 0.005239786887807968
    },
    "q_b_D": {
      "peak_t": 0,
      "peak": -0.02598027700696627,
      "t0": -0.02598027700696627
    },
    "q_b_F": {
      "peak_t": 0,
      "peak": 0.005555831872665527,
      "t0": 0.005555831872665527
    },
    "rb_D": {
      "peak_t": 0,
      "peak": 0.002729056457601928,
      "t0": 0.002729056457601928
    },
    "spread_rb": {
      "peak_t": 0,
      "peak": 0.003312659890520788,
      "t0": 0.003312659890520788
    },
    "def_rate_D": {
      "peak_t": 0,
      "peak": 0.01,
      "t0": 0.01
    },
    "b_gov_D": {
      "peak_t": 4,
      "peak": 0.009592606424710805,
      "t0": 0.004712162703829205
    },
    "p": {
      "peak_t": 0,
      "peak": 0.005038716234006329,
      "t0": 0.005038716234006329
    },
    "NX_D": {
      "peak_t": 0,
      "peak": 0.0010436865019667909,
      "t0": 0.0010436865019667909
    },
    "b_F_D": {
      "peak_t": 0,
      "peak": -0.0009605465818977428,
      "t0": -0.0009605465818977428
    },
    "b_D_F": {
      "peak_t": 7,
      "peak": 0.0006401728061043566,
      "t0": -0.0005395899592388853
    },
    "theta_D": {
      "peak_t": 0,
      "peak": 0.03408065187936163,