{
  "gamma_0": {
    "max_ca_res": 5.750703188502669e-08,
    "max_goods_mkt_F": 6.018241119951893e-10,
    "max_hole_pred": 0.0,
    "max_ca_minus_hole_minus_basegap": null,
    "corr_ca_hole": null,
    "W_D": -4.297537476286681,
    "W_F": 4.387769774547731,
    "disc_injection_pctC": 0.0,
    "cb_peak": 0.0,
    "spread_peak": 0.0032984007548390063,
    "U_D0": -0.0007257878298114629
  },
  "gamma_2": {
    "max_ca_res": 5.779196058433033e-08,
    "max_goods_mkt_F": 6.619772049943409e-10,
    "max_hole_pred": 0.006642716309562327,
    "max_ca_minus_hole_minus_basegap": 0.006642716594491027,
    "corr_ca_hole": -0.21651224296565308,
    "W_D": -3.8533810170098004,
    "W_F": 3.938692163069297,
    "disc_injection_pctC": 0.004496831277983334,
    "cb_peak": 0.006808165067698009,
    "spread_peak": 0.003404082533849007,
    "U_D0": -0.0006154104336682025
  },
  "gamma_5": {
    "max_ca_res": 5.695930238189524e-08,
    "max_goods_mkt_F": 7.502000333541054e-10,
    "max_hole_pred": 0.017186858812904417,
    "max_ca_minus_hole_minus_basegap": 0.017186858265174913,
    "corr_ca_hole": -0.22711649470540102,
    "W_D": -3.2371748149591455,
    "W_F": 3.3161305068877125,
    "disc_injection_pctC": 0.0068888474261728635,
    "cb_peak": 0.01761492834264709,
    "spread_peak": 0.003522985668529414,
    "U_D0": -0.00046170776131982793
  },
  "gamma_10": {
    "max_ca_res": 5.348247818258503e-08,
    "max_goods_mkt_F": 8.884581136652139e-10,
    "max_hole_pred": 0.035427663102533376,
    "max_ca_minus_hole_minus_basegap": 0.03542765907797967,
    "corr_ca_hole": -0.2453275401682401,
    "W_D": -2.4183425250227226,
    "W_F": 2.49168670717719,
    "disc_injection_pctC": 0.004899655921676093,
    "cb_peak": 0.0363100525635323,
    "spread_peak": 0.0036310052563532373,
    "U_D0": -0.00025294464518772026
  },
  "dW_D_gamma_2": 0.44415645927688097,
  "dW_F_gamma_2": -0.4490776114784345,
  "injection_gamma_2": 0.004496831277983334,
  "dW_D_gamma_5": 1.0603626613275359,
  "dW_F_gamma_5": -1.0716392676600188,
  "injection_gamma_5": 0.0068888474261728635,
  "dW_D_gamma_10": 1.8791949512639587,
  "dW_F_gamma_10": -1.896083067370541,
  "injection_gamma_10": 0.004899655921676093
}